INSERT INTO USERS (User_ID, First_Name, Middle_Name, Last_Name, Address, Date_of_Birth, Gender) 
VALUES
	(1, 'Ava', 'Marie', 'Johnson', '123 Elm St, Springfield, IL', '1995-04-21', 'F'),
	(2, 'Liam', 'Thomas', 'Smith', '456 Maple Ave, Austin, TX', '1988-11-15', 'M'),
	(3, 'Emma', NULL, 'Williams', '789 Oak Dr, Denver, CO', '1992-06-03', 'F'),
	(4, 'Noah', 'James', 'Brown', '321 Pine Ln, Seattle, WA', '2000-02-12', 'M'),
	(5, 'Olivia', 'Rose', 'Jones', '654 Cedar Blvd, Miami, FL', '1985-09-08', 'F'),
	(6, 'William', NULL, 'Garcia', '987 Birch St, Boston, MA', '1991-12-27', 'M'),
	(7, 'Sophia', 'Grace', 'Martinez', '159 Walnut Cir, Chicago, IL', '1993-07-19', 'F'),
	(8, 'Elijah', 'Daniel', 'Rodriguez', '753 Cherry Ct, Atlanta, GA', '1996-01-30', 'M'),
	(9, 'Isabella', NULL, 'Lee', '852 Hickory Rd, Portland, OR', '1998-05-11', 'F'),
	(10, 'James', 'Edward', 'Hernandez', '147 Spruce Way, Phoenix, AZ', '1980-08-05', 'M'),
	(11, 'Mia', 'Anne', 'Clark', '369 Poplar St, Raleigh, NC', '1994-03-22', 'F'),
	(12, 'Benjamin', NULL, 'Lewis', '258 Fir Ave, Nashville, TN', '1987-10-01', 'M'),
	(13, 'Charlotte', 'Elizabeth', 'Walker', '741 Sycamore Ln, Columbus, OH', '1990-04-17', 'F'),
	(14, 'Lucas', 'Alexander', 'Hall', '963 Redwood Dr, Kansas City, MO', '1999-11-09', 'M'),
	(15, 'Amelia', NULL, 'Allen', '357 Willow Pl, San Diego, CA', '1993-02-25', 'F'),
	(16, 'Henry', 'Joseph', 'Young', '864 Aspen Ct, Tampa, FL', '1986-07-14', 'M'),
	(17, 'Harper', 'Louise', 'King', '528 Dogwood Rd, Baltimore, MD', '2001-01-07', 'F'),
	(18, 'Alexander', NULL, 'Wright', '186 Alder Ln, Detroit, MI', '1997-06-28', 'M'),
	(19, 'Evelyn', 'Nicole', 'Scott', '902 Hemlock St, Omaha, NE', '1984-09-19', 'F'),
	(20, 'Daniel', 'Matthew', 'Green', '633 Beech Ave, Albuquerque, NM', '1990-12-10', 'M'),
	(21, 'Abigail', NULL, 'Adams', '344 Magnolia Blvd, Charlotte, NC', '1996-05-15', 'F'),
	(22, 'Jackson', 'Lee', 'Baker', '588 Larch St, Louisville, KY', '1991-03-08', 'M'),
	(23, 'Emily', 'Jane', 'Nelson', '429 Palm Cir, Milwaukee, WI', '1989-08-17', 'F'),
	(24, 'Sebastian', NULL, 'Carter', '621 Bayberry Dr, Las Vegas, NV', '1995-10-22', 'M'),
	(25, 'Avery', 'Renee', 'Mitchell', '100 Maple Leaf Way, Salt Lake City, UT', '1992-04-04', 'F'),
	(26, 'Jack', 'William', 'Perez', '233 Sunrise Blvd, Boise, ID', '1983-06-29', 'M'),
	(27, 'Ella', NULL, 'Roberts', '589 Sunset Dr, Minneapolis, MN', '1994-11-12', 'F'),
	(28, 'Owen', 'Michael', 'Turner', '762 Evergreen Ln, Des Moines, IA', '1998-02-16', 'M'),
	(29, 'Scarlett', 'Hope', 'Phillips', '184 Peach St, Richmond, VA', '1997-09-01', 'F'),
	(30, 'Levi', NULL, 'Campbell', '973 Garden Rd, Providence, RI', '1982-01-18', 'M');

INSERT INTO CONTACT (Contact_Number, User_ID) 
VALUES
	('5551234567', 1),
	('5551112222', 1),
	('5559876543', 2),
	('5553456789', 3),
	('5552223333', 3),
	('5558765432', 4),
	('5552345678', 5),
	('5553334444', 5),
	('5557654321', 6),
	('5551122334', 7),
	('5554445555', 7),
	('5554433221', 8),
	('5556677889', 9),
	('5559988776', 10),
	('5555556666', 10),
	('5552233445', 11),
	('5555566778', 12),
	('5558899001', 13),
	('5553322110', 14),
	('5557788990', 15),
	('5559090909', 16),
	('5551010101', 17),
	('5551212121', 18),
	('5551414141', 19),
	('5551616161', 20),
	('5551818181', 21),
	('5552020202', 22),
	('5552323232', 23),
	('5552626262', 24),
	('5552929292', 25),
	('5553131313', 26),
	('5553434343', 27),
	('5553737373', 28),
	('5554040404', 29),
	('5554343434', 30);

INSERT INTO RIDER (Rider_ID) 
VALUES
	(1),
	(2),
	(3),
	(4),
	(5),
	(6),
	(7),
	(8),
	(9),
	(10),
	(11),
	(12),
	(13),
	(14),
	(15);
    
INSERT INTO CUSTOMER (Customer_ID) 
VALUES
	(1),   
	(2),
	(3),
	(4),
	(5),
	(6),
	(7),
	(8),
	(9),
	(10),
	(16),  
	(17),
	(18),
	(19),
	(20),
	(21),
	(22),
	(23),
	(24),
	(25);
    
INSERT INTO DRIVER (Driver_ID, License, Experience, Vehicle) 
VALUES
	(5, 'LIC000001', '3 years ride-share experience', 'Sedan'),   
	(6, 'LIC000002', '2 years delivery experience', 'SUV'),
	(7, 'LIC000003', '1 year local taxi service', 'Motorcycle'),
	(8, 'LIC000004', '5 years professional driving', 'Electric'),
	(9, 'LIC000005', 'Part-time student driver', 'Hybrid'),
	(10, 'LIC000006', '4 years experience in New York', 'Minivan'),
	(26, 'LIC000007', '2 years with food delivery', 'Truck'),
	(27, 'LIC000008', 'Experienced rideshare partner', 'Luxury'),
	(28, 'LIC000009', '1 year intern driver', 'Convertible'),
	(29, 'LIC000010', '6 months ride-share experience', 'Sedan'),
    (30, 'LIC000011', '3 years professional driving', 'Electric'),
    (14, 'LIC000012', '5 years local taxi service', 'SUV'),
    (20, 'LIC000013', '18 months ride-share experience', 'Sedan');

INSERT INTO RESTAURANT_OWNER (Owner_ID) 
VALUES
	(11),  
	(12),  
	(20), 
	(30),  
	(27);  

INSERT INTO RIDES (Ride_ID, Rider_ID, Driver_ID, Pickup_Location, Drop_Off_Location, Distance, Pickup_Time, Fare, Payment_Status, Payment_Method) 
VALUES
    (1, 1, 5, '123 Main St, City Center', '456 Elm St, Uptown', 5.2, '2023-01-03 09:00:00', 20.00, 'Paid', 'Credit'),
    (2, 2, 6, '789 Oak Ave, Downtown', '101 Pine Rd, Suburbs', 8.1, '2023-06-07 09:30:00', 25.00, 'Paid', 'Debit'),
    (3, 3, 7, '234 Maple Ln, Parkside', '678 Birch Rd, Riverside', 4.5, '2024-05-03 10:00:00', 18.00, 'Paid', 'Cash'),
    (4, 4, 8, '345 Oak Dr, Northside', '123 Pine St, Hilltop', 12.3, '2024-05-13 10:30:00', 35.00, 'Not Paid', 'Credit'),
    (5, 5, 9, '456 Elm St, Uptown', '789 Maple Ave, Southside', 7.2, '2025-04-03 11:00:00', 28.00, 'Paid', 'Debit'),
    (6, 6, 10, '567 Pine Rd, Old Town', '123 Oak Dr, Downtown', 3.3, '2023-05-03 11:30:00', 15.00, 'Paid', 'Other'),
    (7, 7, 26, '789 Birch Rd, Riverside', '234 Maple St, Parkside', 5.5, '2025-02-03 12:00:00', 20.00, 'Paid', 'Credit'),
    (8, 8, 27, '101 Pine Rd, Suburbs', '567 Oak St, Hilltop', 9.4, '2025-05-12 12:30:00', 30.00, 'Paid', 'Cash'),
    (9, 9, 28, '123 Maple Ln, City Center', '456 Oak Ave, Uptown', 6.0, '2023-03-03 13:00:00', 22.00, 'Not Paid', 'Debit'),
    (10, 10, 29, '234 Oak Dr, Northside', '345 Pine St, Riverside', 7.8, '2025-05-03 13:30:00', 27.00, 'Paid', 'Credit'),
    (11, 1, 5, '678 Oak Ave, Downtown', '123 Birch Rd, Southside', 8.2, '2024-09-03 14:00:00', 24.00, 'Paid', 'Cash'),
    (12, 2, 6, '234 Pine St, Parkside', '456 Maple Ave, Old Town', 9.3, '2023-10-13 14:30:00', 29.00, 'Paid', 'Debit'),
    (13, 3, 7, '789 Birch Rd, Riverside', '234 Oak Dr, Uptown', 5.7, '2025-02-03 15:00:00', 21.00, 'Paid', 'Other'),
    (14, 4, 8, '567 Oak St, Hilltop', '123 Pine Rd, Downtown', 4.6, '2025-01-02 15:30:00', 18.00, 'Not Paid', 'Credit'),
    (15, 5, 9, '123 Oak Dr, Northside', '456 Birch Rd, Riverside', 7.1, '2024-01-01 16:00:00', 26.00, 'Paid', 'Debit'),
    (16, 6, 10, '789 Pine Ave, Southside', '234 Oak Ln, Old Town', 10.0, '2024-12-24 16:30:00', 32.00, 'Paid', 'Cash'),
    (17, 7, 26, '456 Oak Ave, Uptown', '123 Maple Rd, Riverside', 6.3, '2023-12-03 17:00:00', 23.00, 'Paid', 'Credit'),
    (18, 8, 27, '678 Maple Ave, Parkside', '567 Oak Rd, Hilltop', 5.8, '2025-05-03 17:30:00', 22.00, 'Paid', 'Debit'),
    (19, 9, 28, '123 Birch Rd, Suburbs', '456 Oak St, Riverside', 4.9, '2025-05-03 18:00:00', 19.00, 'Paid', 'Cash'),
    (20, 10, 29, '234 Oak Ln, Uptown', '345 Maple St, Hilltop', 7.4, '2023-05-03 18:30:00', 28.00, 'Paid', 'Credit'),
    (21, 1, 5, '567 Maple Ave, Southside', '123 Pine Ln, Riverside', 5.1, '2025-09-03 19:00:00', 20.00, 'Paid', 'Debit'),
    (22, 2, 6, '345 Pine Rd, Old Town', '678 Oak Ave, Uptown', 8.5, '2025-05-09 19:30:00', 25.00, 'Not Paid', 'Cash'),
    (23, 3, 7, '789 Birch Rd, Downtown', '234 Oak St, Suburbs', 6.6, '2024-07-08 20:00:00', 23.00, 'Paid', 'Debit'),
    (24, 4, 8, '123 Oak Ave, Northside', '345 Pine Rd, Riverside', 4.4, '2025-05-14 20:30:00', 18.00, 'Paid', 'Other'),
    (25, 5, 9, '678 Maple Ln, Uptown', '234 Oak Rd, Parkside', 7.0, '2025-03-03 21:00:00', 26.00, 'Paid', 'Cash'),
    (26, 6, 10, '234 Pine St, Riverside', '567 Oak Ave, Downtown', 9.1, '2023-05-03 21:30:00', 30.00, 'Paid', 'Credit'),
    (27, 7, 26, '345 Maple Ave, Old Town', '123 Birch Rd, Hilltop', 5.2, '2024-08-03 22:00:00', 21.00, 'Paid', 'Debit'),
    (28, 8, 27, '123 Oak St, Riverside', '678 Pine Rd, Suburbs', 6.8, '2024-12-19 22:30:00', 24.00, 'Paid', 'Cash'),
    (29, 9, 28, '234 Maple Ave, Southside', '123 Birch Rd, Uptown', 5.0, '2025-01-05 23:00:00', 20.00, 'Not Paid', 'Credit'),
    (30, 10, 29, '567 Pine Rd, Riverside', '345 Oak Ave, Old Town', 7.9, '2023-12-09 23:30:00', 28.00, 'Paid', 'Debit');

INSERT INTO RESTAURANT (Restaurant_ID, Owner_ID, Name, Address, Open_Time, Closing_Time, Cuisine) 
VALUES
	(1, 11, 'Tasty Bites', '123 Main St, Cityville', '08:00:00', '22:00:00', 'Italian'),
	(2, 12, 'Sushi Haven', '456 Elm St, Townburg', '10:00:00', '23:00:00', 'Japanese'),
	(3, 20, 'Burger Kingpin', '789 Oak St, Villageville', '07:30:00', '21:30:00', 'American'),
	(4, 30, 'Vegan Delight', '101 Maple St, Foodtown', '09:00:00', '20:00:00', 'Vegan'),
	(5, 27, 'Steak Supreme', '202 Pine St, Meatville', '11:00:00', '22:30:00', 'Steakhouse'),
    (6, 11, 'Kimchi Palace', '927 Ivy St, Villagecity', '10:00:00', '23:00:00', 'Korean'),
    (7, 11, 'Espresso Moon', '469 Elm St, Townburg', '06:00:00', '18:00:00', 'Cafe'),
    (8, 11, 'Queso Cove', '712 Moongrass St, Townburg', '11:00:00', '22:00:00', 'Mexican');
    
-- Menu_Items Table
INSERT INTO MENU_ITEMS (Item_ID, Restaurant_ID, Name, Description, Price, Category) 
VALUES
	(1, 1, 'Bruschetta', 'Toasted bread with tomatoes, garlic, and basil', 7.99, 'Appetizer'),
	(2, 1, 'Margherita Pizza', 'Classic pizza with fresh mozzarella and basil', 12.99, 'Main Course'),
	(3, 1, 'Spaghetti Carbonara', 'Spaghetti with creamy egg sauce, pancetta, and parmesan', 14.99, 'Main Course'),
	(4, 1, 'Caprese Salad', 'Fresh mozzarella, tomatoes, and basil drizzled with balsamic vinegar', 8.99, 'Side'),
	(5, 1, 'Tiramisu', 'Classic Italian dessert made with coffee-soaked ladyfingers', 6.99, 'Dessert'),
	(6, 1, 'Cappuccino', 'Espresso with steamed milk and foam', 4.99, 'Beverage');

INSERT INTO MENU_ITEMS (Item_ID, Restaurant_ID, Name, Description, Price, Category) 
VALUES
	(1, 2, 'Maki Rolls', 'Sushi rolls with various fillings like tuna and cucumber', 9.99, 'Appetizer'),
	(2, 2, 'Salmon Nigiri', 'Fresh salmon on top of vinegared rice', 12.99, 'Main Course'),
	(3, 2, 'Tempura', 'Battered and fried shrimp and vegetables', 11.99, 'Side'),
	(4, 2, 'Unagi Don', 'Grilled eel served over rice with sweet soy sauce', 15.99, 'Main Course'),
	(5, 2, 'Matcha Ice Cream', 'Green tea-flavored ice cream', 5.99, 'Dessert'),
	(6, 2, 'Green Tea', 'Hot green tea', 3.99, 'Beverage');

INSERT INTO MENU_ITEMS (Item_ID, Restaurant_ID, Name, Description, Price, Category) 
VALUES
	(1, 3, 'Cheeseburger', 'Classic beef burger with cheese and condiments', 10.99, 'Main Course'),
	(2, 3, 'French Fries', 'Crispy golden fries', 3.99, 'Side'),
	(3, 3, 'Onion Rings', 'Crispy fried onion rings', 4.99, 'Side'),
	(4, 3, 'Milkshake', 'Creamy vanilla milkshake', 5.99, 'Beverage'),
	(5, 3, 'Apple Pie', 'Warm apple pie with a flaky crust', 3.99, 'Dessert'),
	(6, 3, 'BBQ Burger', 'Beef patty with barbecue sauce, onion, and pickles', 12.99, 'Main Course');

INSERT INTO MENU_ITEMS (Item_ID, Restaurant_ID, Name, Description, Price, Category) 
VALUES
	(1, 4, 'Vegan Burger', 'Plant-based burger with lettuce, tomato, and vegan mayo', 11.99, 'Main Course'),
	(2, 4, 'Cauliflower Bites', 'Crispy cauliflower with dipping sauce', 7.99, 'Appetizer'),
	(3, 4, 'Quinoa Salad', 'Mixed quinoa with roasted vegetables and dressing', 8.99, 'Side'),
	(4, 4, 'Vegan Brownie', 'Chocolatey, plant-based dessert', 5.99, 'Dessert'),
	(5, 4, 'Almond Milk Latte', 'Coffee with steamed almond milk', 4.99, 'Beverage'),
	(6, 4, 'Vegan Pizza', 'Pizza with vegan cheese and fresh vegetables', 13.99, 'Main Course');

INSERT INTO MENU_ITEMS (Item_ID, Restaurant_ID, Name, Description, Price, Category) 
VALUES
	(1, 5, 'Ribeye Steak', 'Juicy ribeye steak with mashed potatoes', 22.99, 'Main Course'),
	(2, 5, 'Caesar Salad', 'Classic Caesar salad with dressing and croutons', 6.99, 'Side'),
	(3, 5, 'Grilled Shrimp', 'Shrimp grilled with garlic butter', 14.99, 'Main Course'),
	(4, 5, 'Chocolate Lava Cake', 'Warm cake with a molten chocolate center', 7.99, 'Dessert'),
	(5, 5, 'Steak Fries', 'Thick-cut fries, perfect for dipping', 4.99, 'Side'),
	(6, 5, 'Red Wine', 'A glass of rich red wine', 8.99, 'Beverage');

INSERT INTO MENU_ITEMS (Item_ID, Restaurant_ID, Name, Description, Price, Category) 
VALUES
	(1, 6, 'Bibimbap', 'Mixed ride bowl with vegetables and beef', 13.99, 'Main Course'),
	(2, 6, 'Kimchi', 'Fermented cabbage', 4.99, 'Side'),
	(3, 6, 'Tteokbokki', 'Spicy rice cakes', 20.99, 'Main Course'),
	(4, 6, 'Japchae', 'Stir-fried glass noodles with vegetables', 7.99, 'Side'),
	(5, 6, 'Kimchi Fried Rice', 'Fried rice with kimchi and vegetables', 14.99, 'Main Course'),
	(6, 6, 'Kimchi Jjigae', 'Spicy kimchi stew', 16.99, 'Main Course');
    
INSERT INTO MENU_ITEMS (Item_ID, Restaurant_ID, Name, Description, Price, Category) 
VALUES
	(1, 7, 'Latte', 'Espresso, milk, and choice of syrup', 5.99, 'Beverage'),
	(2, 7, 'Caramel Macchiato', 'Espresso, steamed milk, and caramel', 6.99, 'Beverage'),
	(3, 7, 'Strawberry Matcha Latte', 'Matcha latte with strawberry puree', 7.99, 'Beverage'),
	(4, 7, 'Brownie', 'Fudgy chocolate dessert', 4.99, 'Dessert'),
	(5, 7, 'Blueberry Muffin', 'Fresh blueberries with sugar topping', 4.99, 'Side'),
	(6, 7, 'Ham and Cheese Sandwich', 'Ham and cheddar between sourdough bread', 8.99, 'Side');
    
INSERT INTO MENU_ITEMS (Item_ID, Restaurant_ID, Name, Description, Price, Category) 
VALUES
	(1, 8, 'Chips and Salsa', 'Tortilla chips with red and green salsa', 5.99, 'Appetizer'),
	(2, 8, 'Chicken Quesadilla', 'Torilla filled with chicken and cheese', 13.99, 'Main Course'),
	(3, 8, 'Cheese Enchilada', 'Cheese-filled tortilla with enchilada sauce', 17.99, 'Main Course'),
	(4, 8, 'Mexican Rice', 'Seasoned rice', 7.99, 'Side'),
	(5, 8, 'Horchata', 'Cinnamon drink', 3.99, 'Beverage'),
	(6, 8, 'Tres Leches Cake', 'Cake soaked in three milks', 6.99, 'Dessert');
--
INSERT INTO PROMOTIONS (Promotion_ID, Item_ID, Restaurant_ID, Description, Start_Date, End_Date)
VALUES
	(1, 2, 1, 'Margherita Pizza 20% off every Monday', '2025-04-01', '2025-06-01'),
	(2, 5, 1, 'Free tiramisu with orders over $25', '2024-12-01', '2025-01-15'),
	(3, 1, 2, 'Buy one Maki Roll, get one 50% off', '2025-05-01', '2025-06-15'),
	(4, 5, 2, 'Matcha Ice Cream free with sushi combo', '2025-07-01', '2025-08-01'),
	(5, 1, 3, 'Cheeseburger combo for $8.99 every Friday', '2024-11-01', '2025-01-01'),
	(6, 5, 3, 'Apple Pie 50% off with any burger', '2025-03-15', '2025-05-30'),
	(7, 6, 4, 'Vegan Pizza 25% off on weekends', '2025-04-10', '2025-06-30'),
	(8, 4, 4, 'Free Vegan Brownie with lunch order', '2025-06-01', '2025-07-15'),
	(9, 1, 5, 'Ribeye Steak $5 off on Wednesdays', '2024-09-01', '2024-12-01'),
	(10, 4, 5, 'Chocolate Lava Cake half-price with steak dinner', '2025-04-15', '2025-05-31');

INSERT INTO FOOD_ORDER (Order_ID, Restaurant_ID, Customer_ID, Order_Date, Promised_Delivery_Time, Actual_Delivery_Time, Delivery_Status, Total_Amount, Payment_Method) 
VALUES
	(1, 1, 1, '2025-04-29', '2025-04-29 18:30:00', '2025-04-29 18:25:00', 'Delivered', 19.99, 'Credit'),
    (31, 8, 2, '2023-01-15', '2023-01-30 18:30:00', '2023-01-30 18:25:00', 'Delivered', 50.99, 'Debit'),
	(2, 2, 2, '2023-02-10', '2023-02-10 12:00:00', NULL, 'Canceled', 0.00, 'Credit'),
    (32, 8, 2, '2023-02-10', '2023-02-10 18:30:00', '2023-01-30 18:25:00', 'Delivered', 60.99, 'Debit'),
	(3, 3, 3, '2025-04-29', '2025-04-29 14:00:00', '2025-04-29 14:10:00', 'Delivered', 25.49, 'Cash'),
    (33, 8, 2, '2023-03-04', '2023-03-04 18:30:00', '2023-03-4 18:25:00', 'Delivered', 50.99, 'Debit'),
	(4, 2, 4, '2025-04-29', '2025-04-29 13:45:00', '2025-04-29 13:40:00', 'Delivered', 30.00, 'Debit'),
    (34, 6, 2, '2023-04-15', '2023-04-15 18:30:00', '2023-04-15 18:35:00', 'Delivered', 56.99, 'Debit'),
	(5, 5, 5, '2023-05-01', '2023-05-01 19:00:00', NULL, 'Canceled', 0.00, 'Credit'),
    (35, 6, 2, '2023-05-21', '2023-05-21 18:30:00', '2023-05-21 18:25:00', 'Delivered', 40.99, 'Debit'),
	(6, 1, 6, '2023-06-07', '2023-06-07 11:30:00', '2023-06-07 11:28:00', 'Delivered', 20.99, 'Cash'),
    (36, 8, 2, '2023-06-29', '2023-06-29 18:30:00', '2023-06-29 18:25:00', 'Delivered', 30.99, 'Debit'),
	(7, 2, 7, '2025-04-29', '2025-04-29 20:00:00', '2025-04-29 20:05:00', 'Delivered', 22.00, 'Credit'),
    (38, 1, 2, '2023-07-29', '2023-07-29 18:30:00', '2023-07-29 18:45:00', 'Delivered', 70.99, 'Debit'),
	(8, 2, 8, '2023-08-20', '2023-08-20 18:45:00', '2023-08-20 18:44:00', 'Delivered', 18.75, 'Cash'),
    (39, 1, 2, '2023-08-29', '2023-08-29 18:30:00', '2023-08-29 18:45:00', 'Delivered', 70.99, 'Debit'),
	(9, 3, 9, '2023-09-01', '2023-09-01 15:15:00', NULL, 'Canceled', 0.00, 'Other'),
    (40, 8, 2, '2023-09-29', '2023-09-29 18:30:00', '2023-09-29 18:32:00', 'Delivered', 60.99, 'Debit'),
	(10, 5, 10, '2023-10-25', '2023-10-25 17:40:00', '2023-10-25 17:42:00', 'Delivered', 12.49, 'Credit'),
    (37, 1, 2, '2023-11-29', '2023-11-29 18:30:00', '2023-11-29 18:45:00', 'Delivered', 70.99, 'Debit'),
	(11, 4, 16, '2025-05-02', '2025-05-02 12:30:00', '2025-05-02 12:27:00', 'Delivered', 14.99, 'Cash'),
	(12, 1, 17, '2024-02-14', '2024-02-14 13:00:00', '2024-02-14 13:03:00', 'Delivered', 21.00, 'Credit'),
	(13, 2, 18, '2024-03-09', '2024-03-09 18:00:00', '2024-03-09 18:10:00', 'Delivered', 23.95, 'Credit'),
	(14, 3, 19, '2024-04-18', '2024-04-18 17:45:00', '2024-04-18 17:50:00', 'Delivered', 17.20, 'Cash'),
    (41, 8, 2, '2024-05-07', '2024-05-07 18:30:00', '2024-05-07 18:29:00', 'Delivered', 60.99, 'Debit'),
	(15, 5, 20, '2024-05-20', '2024-05-20 13:35:00', NULL, 'Canceled', 0.00, 'Credit'),
	(16, 3, 21, '2024-06-01', '2024-06-01 19:10:00', '2024-06-01 19:08:00', 'Delivered', 20.00, 'Credit'),
	(42, 8, 2, '2024-06-07', '2024-06-07 18:30:00', '2024-06-07 18:29:00', 'Delivered', 50.99, 'Debit'),
	(17, 4, 22, '2025-04-29', '2025-04-29 12:25:00', '2025-04-29 12:30:00', 'Delivered', 15.49, 'Cash'),
	(43, 6, 2, '2024-07-07', '2024-07-07 18:30:00', '2024-07-07 18:29:00', 'Delivered', 60.99, 'Debit'),
	(18, 2, 23, '2024-08-10', '2024-08-10 16:50:00', NULL, 'Canceled', 0.00, 'Debit'),
	(44, 8, 2, '2024-08-21', '2024-08-21 18:30:00', '2024-08-21 18:34:00', 'Delivered', 40.99, 'Debit'),
	(19, 5, 24, '2025-04-29', '2025-04-29 14:30:00', '2025-04-29 14:25:00', 'Delivered', 18.00, 'Credit'),
	(45, 6, 2, '2024-09-22', '2024-09-22 18:30:00', '2024-09-22 18:29:00', 'Delivered', 60.99, 'Debit'),
	(20, 1, 25, '2025-05-01', '2025-05-01 17:20:00', '2025-05-01 17:20:00', 'Delivered', 19.99, 'Other'),
    (46, 6, 2, '2024-10-22', '2024-10-22 18:30:00', '2024-10-22 18:29:00', 'Delivered', 60.99, 'Debit'),
    (47, 6, 2, '2024-11-22', '2024-11-22 18:30:00', '2024-11-22 18:29:00', 'Delivered', 60.99, 'Debit'),
    (48, 8, 2, '2024-12-22', '2024-12-22 18:30:00', '2024-12-22 18:29:00', 'Delivered', 60.99, 'Debit'),
	(21, 2, 1, '2025-05-03', '2025-05-03 18:30:00', '2025-05-03 18:30:00', 'Delivered', 17.00, 'Cash'),
	(22, 3, 2, '2025-05-03', '2025-05-03 18:45:00', '2025-05-03 18:45:00', 'Delivered', 17.00, 'Credit'),
	(23, 1, 3, '2025-05-03', '2025-05-03 19:00:00', '2025-05-03 19:00:00', 'Delivered', 17.00, 'Debit'),
	(24, 4, 4, '2025-05-03', '2025-05-03 19:15:00', '2025-05-03 19:15:00', 'Delivered', 17.00, 'Cash'),
	(25, 5, 5, '2025-05-03', '2025-05-03 19:30:00', '2025-05-03 19:30:00', 'Delivered', 17.00, 'Credit'),
	(26, 2, 6, '2025-04-15', '2025-04-15 18:50:00', '2025-04-15 18:49:00', 'Delivered', 13.60, 'Credit'),
	(27, 1, 7, '2025-04-20', '2025-04-20 15:10:00', NULL, 'Canceled', 0.00, 'Debit'),
	(28, 3, 8, '2025-04-28', '2025-04-28 13:00:00', '2025-04-28 13:01:00', 'Delivered', 11.99, 'Cash'),
	(29, 4, 9, '2025-05-01', '2025-05-01 17:15:00', '2025-05-01 17:10:00', 'Delivered', 21.75, 'Other'),
	(30, 2, 10, '2025-05-02', '2025-05-02 12:45:00', NULL, 'Canceled', 0.00, 'Credit'),
    (49, 8, 2, '2025-01-15', '2025-01-15 18:50:00', '2025-01-15 18:49:00', 'Delivered', 42.99, 'Credit'),
    (50, 8, 2, '2025-02-15', '2025-02-15 18:50:00', '2025-02-15 18:49:00', 'Delivered', 49.99, 'Credit'),
    (51, 8, 2, '2025-03-15', '2025-03-15 18:50:00', '2025-03-15 18:49:00', 'Delivered', 32.99, 'Credit'),
    (52, 8, 2, '2025-04-15', '2025-04-15 18:50:00', '2025-04-15 18:49:00', 'Delivered', 42.99, 'Credit'),
    (53, 8, 2, '2025-05-02', '2025-05-02 18:50:00', '2025-05-02 18:49:00', 'Delivered', 62.99, 'Credit'),
    (54, 7, 4, '2025-04-23', '2025-04-23 11:30:00', '2025-04-23 11:30:00', 'Delivered', 7.00, 'Credit'),
    (55, 7, 4, '2025-04-23', '2025-04-23 17:30:00', '2025-04-23 17:30:00', 'Delivered', 7.00, 'Credit'),
    (56, 7, 4, '2025-04-24', '2025-04-24 11:30:00', '2025-04-24 11:30:00', 'Delivered', 7.00, 'Credit'),
    (57, 7, 4, '2025-04-24', '2025-04-24 17:30:00', '2025-04-24 17:30:00', 'Delivered', 7.00, 'Credit'),
    (58, 7, 4, '2025-04-25', '2025-04-25 11:30:00', '2025-04-25 11:30:00', 'Delivered', 7.00, 'Credit'),
    (59, 7, 4, '2025-04-25', '2025-04-25 17:30:00', '2025-04-25 17:30:00', 'Delivered', 7.00, 'Credit'),
    (60, 7, 4, '2025-04-26', '2025-04-26 11:30:00', '2025-04-26 11:30:00', 'Delivered', 7.00, 'Credit'),
    (61, 7, 4, '2025-04-26', '2025-04-26 17:30:00', '2025-04-26 17:30:00', 'Delivered', 7.00, 'Credit'),
    (62, 7, 4, '2025-04-27', '2025-04-27 11:30:00', '2025-04-27 11:30:00', 'Delivered', 7.00, 'Credit'),
    (63, 7, 4, '2025-04-27', '2025-04-27 17:30:00', '2025-04-27 17:30:00', 'Delivered', 7.00, 'Credit'),
    (64, 7, 4, '2025-04-28', '2025-04-28 11:30:00', '2025-04-28 11:30:00', 'Delivered', 7.00, 'Credit'),
    (65, 7, 4, '2025-04-28', '2025-04-28 17:30:00', '2025-04-28 17:30:00', 'Delivered', 7.00, 'Credit'),
    (66, 7, 4, '2025-04-29', '2025-04-29 11:30:00', '2025-04-29 11:30:00', 'Delivered', 7.00, 'Credit'),
    (67, 7, 4, '2025-04-29', '2025-04-29 17:30:00', '2025-04-29 17:30:00', 'Delivered', 7.00, 'Credit'),
    (68, 7, 4, '2025-04-30', '2025-04-30 11:30:00', '2025-04-30 11:30:00', 'Delivered', 7.00, 'Credit'),
    (69, 7, 4, '2025-04-30', '2025-04-30 17:30:00', '2025-04-30 17:30:00', 'Delivered', 7.00, 'Credit'),
    (70, 7, 4, '2025-05-01', '2025-05-01 11:30:00', '2025-05-01 11:30:00', 'Delivered', 7.00, 'Credit'),
    (71, 7, 4, '2025-05-01', '2025-05-01 17:30:00', '2025-05-01 17:30:00', 'Delivered', 7.00, 'Credit'),
    (72, 7, 4, '2025-05-02', '2025-05-02 11:30:00', '2025-05-02 11:30:00', 'Delivered', 7.00, 'Credit'),
    (73, 7, 4, '2025-05-02', '2025-05-02 17:30:00', '2025-05-02 17:30:00', 'Delivered', 7.00, 'Credit'),
    (74, 7, 4, '2025-05-03', '2025-05-03 11:30:00', '2025-05-03 11:30:00', 'Delivered', 7.00, 'Credit'),
    (75, 7, 4, '2025-05-03', '2025-05-03 17:30:00', '2025-05-03 17:30:00', 'Delivered', 7.00, 'Credit'),
    (76, 7, 4, '2025-05-04', '2025-05-04 11:30:00', '2025-05-04 11:30:00', 'Delivered', 7.00, 'Credit'),
    (77, 7, 4, '2025-05-04', '2025-05-04 17:30:00', '2025-05-04 17:30:00', 'Delivered', 7.00, 'Credit'),
    (78, 7, 4, '2025-05-05', '2025-05-05 11:30:00', '2025-05-05 11:30:00', 'Delivered', 7.00, 'Credit'),
    (79, 7, 4, '2025-05-05', '2025-05-05 17:30:00', '2025-05-05 17:30:00', 'Delivered', 7.00, 'Credit'),
    (80, 7, 5, '2025-04-26', '2025-04-26 17:30:00', '2025-04-26 17:30:00', 'Delivered', 8.00, 'Credit'),
    (81, 7, 5, '2025-04-27', '2025-04-27 11:30:00', '2025-04-27 11:30:00', 'Delivered', 8.00, 'Credit'),
    (82, 7, 5, '2025-04-27', '2025-04-27 17:30:00', '2025-04-27 17:30:00', 'Delivered', 8.00, 'Credit'),
    (83, 7, 5, '2025-04-28', '2025-04-28 11:30:00', '2025-04-28 11:30:00', 'Delivered', 8.00, 'Credit'),
    (84, 7, 5, '2025-04-28', '2025-04-28 17:30:00', '2025-04-28 17:30:00', 'Delivered', 8.00, 'Credit'),
    (85, 7, 5, '2025-04-29', '2025-04-29 11:30:00', '2025-04-29 11:30:00', 'Delivered', 8.00, 'Credit'),
    (86, 7, 5, '2025-04-29', '2025-04-29 17:30:00', '2025-04-29 17:30:00', 'Delivered', 8.00, 'Credit'),
    (87, 7, 5, '2025-04-30', '2025-04-30 11:30:00', '2025-04-30 11:30:00', 'Delivered', 8.00, 'Credit'),
    (88, 7, 5, '2025-04-30', '2025-04-30 17:30:00', '2025-04-30 17:30:00', 'Delivered', 8.00, 'Credit'),
    (89, 7, 5, '2025-05-01', '2025-05-01 11:30:00', '2025-05-01 11:30:00', 'Delivered', 8.00, 'Credit'),
    (90, 7, 5, '2025-05-01', '2025-05-01 17:30:00', '2025-05-01 17:30:00', 'Delivered', 8.00, 'Credit'),
    (91, 7, 5, '2025-05-02', '2025-05-02 11:30:00', '2025-05-02 11:30:00', 'Delivered', 8.00, 'Credit'),
    (92, 7, 5, '2025-05-02', '2025-05-02 17:30:00', '2025-05-02 17:30:00', 'Delivered', 8.00, 'Credit'),
    (93, 7, 5, '2025-05-03', '2025-05-03 11:30:00', '2025-05-03 11:30:00', 'Delivered', 8.00, 'Credit'),
    (94, 7, 5, '2025-05-03', '2025-05-03 17:30:00', '2025-05-03 17:30:00', 'Delivered', 8.00, 'Credit'),
    (95, 7, 5, '2025-05-04', '2025-05-04 11:30:00', '2025-05-04 11:30:00', 'Delivered', 8.00, 'Credit'),
    (96, 7, 5, '2025-05-04', '2025-05-04 17:30:00', '2025-05-04 17:30:00', 'Delivered', 8.00, 'Credit'),
    (97, 7, 5, '2025-05-05', '2025-05-05 11:30:00', '2025-05-05 11:30:00', 'Delivered', 8.00, 'Credit'),
    (98, 7, 5, '2025-05-05', '2025-05-05 17:30:00', '2025-05-05 17:30:00', 'Delivered', 8.00, 'Credit');

INSERT INTO ITEM_ORDERS (Food_Order_ID, Promotion_ID, Promo_Item_ID, Promo_Restaurant_ID, Menu_Item_ID, Restaurant_ID) 
VALUES
	(1, NULL, NULL, NULL, 1, 1),
	(1, NULL, NULL, NULL, 2, 1),
	(2, NULL, NULL, NULL,3, 2),
	(3, 6, 5, 3, 5, 3), 
	(3, NULL, NULL, NULL,4, 3),
	(4, NULL, NULL, NULL,3, 2),
	(5, 9, 1, 5, 1, 5), 
	(5, NULL, NULL, NULL,6, 5),
	(6, NULL, NULL, NULL,2, 1),
	(6, NULL, NULL, NULL,1, 1),
	(7, NULL, NULL, NULL,5, 2),
	(7, NULL, NULL, NULL,6, 2),
	(8, 3, 1, 2, 1, 2), 
	(8, NULL, NULL, NULL,4, 2),
	(9, NULL, NULL, NULL,2, 3),
	(10, NULL, NULL, NULL,5, 5),
	(10, NULL, NULL, NULL,6, 5),
	(11, NULL, NULL, NULL,2, 4),
	(11, NULL, NULL, NULL,1, 4),
	(12, NULL, NULL, NULL,2, 1),
	(13, 3, 1, 2, 1, 2), 
	(14, NULL, NULL, NULL,4, 3),
	(14, NULL,NULL, NULL,3, 3),
	(15, NULL,NULL, NULL,5, 5),
	(16, NULL,NULL, NULL,1, 3),
	(16, NULL,NULL, NULL,6, 3),
	(17, NULL,NULL, NULL,1, 4),
	(18, NULL,NULL, NULL,3, 2),
	(19, NULL,NULL, NULL,6, 5),
	(20, NULL,NULL, NULL,2, 1),
	(21, NULL,NULL, NULL,6, 2), 
	(22, NULL,NULL, NULL,2, 3),
	(23, 2, 5, 1, 5, 1), 
	(23, NULL,NULL, NULL,6, 1),
	(24, NULL,NULL, NULL,1, 4),
	(25, NULL,NULL, NULL,3, 5),
	(26, NULL,NULL, NULL,4, 2),
	(27, 1, 2, 1, 2, 1), 
	(28, NULL,NULL, NULL,2, 3),
	(29, NULL,NULL, NULL,5, 4),
	(30, NULL,NULL, NULL,1, 2),
    (31, NULL,NULL, NULL,2, 8),
    (31, NULL,NULL, NULL,3, 8),
    (31, NULL,NULL, NULL,4, 8),
    (32, NULL,NULL, NULL,2, 8),
    (32, NULL,NULL, NULL,3, 8),
    (32, NULL,NULL, NULL,4, 8),
    (33, NULL,NULL, NULL,2, 8),
    (33, NULL,NULL, NULL,3, 8),
    (33, NULL,NULL, NULL,4, 8),
    (34, NULL,NULL, NULL,2, 6),
    (34, NULL,NULL, NULL,3, 6),
    (34, NULL,NULL, NULL,4, 6),
    (35, NULL,NULL, NULL,2, 6),
    (35, NULL,NULL, NULL,3, 6),
    (35, NULL,NULL, NULL,4, 6),
    (36, NULL,NULL, NULL,2, 8),
    (36, NULL,NULL, NULL,3, 8),
    (36, NULL,NULL, NULL,4, 8),
    (37, NULL,NULL, NULL,2, 1),
    (37, NULL,NULL, NULL,3, 1),
    (37, NULL,NULL, NULL,4, 1),
    (38, NULL,NULL, NULL,2, 1),
    (38, NULL,NULL, NULL,3, 1),
    (38, NULL,NULL, NULL,4, 1),
    (39, NULL,NULL, NULL,2, 1),
    (39, NULL,NULL, NULL,3, 1),
    (39, NULL,NULL, NULL,4, 1),
    (40, NULL,NULL, NULL,2, 8),
    (40, NULL,NULL, NULL,3, 8),
    (40, NULL,NULL, NULL,4, 8),
    (41, NULL,NULL, NULL,2, 8),
    (41, NULL,NULL, NULL,3, 8),
    (41, NULL,NULL, NULL,4, 8),
    (42, NULL,NULL, NULL,2, 8),
    (42, NULL,NULL, NULL,3, 8),
    (42, NULL,NULL, NULL,4, 8),
    (43, NULL,NULL, NULL,2, 6),
    (43, NULL,NULL, NULL,3, 6),
    (43, NULL,NULL, NULL,4, 6),
    (44, NULL,NULL, NULL,2, 8),
    (44, NULL,NULL, NULL,3, 8),
    (44, NULL,NULL, NULL,4, 8),
    (45, NULL,NULL, NULL,2, 6),
    (45, NULL,NULL, NULL,3, 6),
    (45, NULL,NULL, NULL,4, 6),
    (46, NULL,NULL, NULL,2, 6),
    (46, NULL,NULL, NULL,3, 6),
    (46, NULL,NULL, NULL,4, 6),
    (47, NULL,NULL, NULL,2, 6),
    (47, NULL,NULL, NULL,3, 6),
    (47, NULL,NULL, NULL,4, 6),
    (48, NULL,NULL, NULL,2, 8),
    (48, NULL,NULL, NULL,3, 8),
    (48, NULL,NULL, NULL,4, 8),
    (49, NULL,NULL, NULL,2, 8),
    (49, NULL,NULL, NULL,3, 8),
    (49, NULL,NULL, NULL,4, 8),
    (50, NULL,NULL, NULL,2, 8),
    (50, NULL,NULL, NULL,3, 8),
    (50, NULL,NULL, NULL,4, 8),
    (51, NULL,NULL, NULL,2, 8),
    (51, NULL,NULL, NULL,3, 8),
    (51, NULL,NULL, NULL,4, 8),
    (52, NULL,NULL, NULL,2, 8),
    (52, NULL,NULL, NULL,3, 8),
    (52, NULL,NULL, NULL,4, 8),
    (53, NULL,NULL, NULL,2, 8),
    (53, NULL,NULL, NULL,3, 8),
    (53, NULL,NULL, NULL,4, 8),
    (54, NULL,NULL, NULL,1, 7),
    (55, NULL,NULL, NULL,1, 7),
    (56, NULL,NULL, NULL,1, 7),
    (57, NULL,NULL, NULL,1, 7),
    (58, NULL,NULL, NULL,1, 7),
    (59, NULL,NULL, NULL,1, 7),
    (60, NULL,NULL, NULL,1, 7),
    (61, NULL,NULL, NULL,1, 7),
    (62, NULL,NULL, NULL,1, 7),
    (63, NULL,NULL, NULL,1, 7),
    (64, NULL,NULL, NULL,1, 7),
    (65, NULL,NULL, NULL,1, 7),
    (66, NULL,NULL, NULL,1, 7),
    (67, NULL,NULL, NULL,1, 7),
    (68, NULL,NULL, NULL,1, 7),
    (69, NULL,NULL, NULL,1, 7),
    (70, NULL,NULL, NULL,1, 7),
    (71, NULL,NULL, NULL,1, 7),
    (72, NULL,NULL, NULL,1, 7),
    (73, NULL,NULL, NULL,1, 7),
    (74, NULL,NULL, NULL,1, 7),
    (75, NULL,NULL, NULL,1, 7),
    (76, NULL,NULL, NULL,1, 7),
    (77, NULL,NULL, NULL,1, 7),
    (78, NULL,NULL, NULL,1, 7),
    (79, NULL,NULL, NULL,1, 7),
    (80, NULL,NULL, NULL,3, 7),
    (81, NULL,NULL, NULL,3, 7),
    (82, NULL,NULL, NULL,3, 7),
    (83, NULL,NULL, NULL,3, 7),
    (84, NULL,NULL, NULL,3, 7),
    (85, NULL,NULL, NULL,3, 7),
    (86, NULL,NULL, NULL,3, 7),
    (87, NULL,NULL, NULL,3, 7),
    (88, NULL,NULL, NULL,3, 7),
    (89, NULL,NULL, NULL,3, 7),
    (90, NULL,NULL, NULL,3, 7),
    (91, NULL,NULL, NULL,3, 7),
    (92, NULL,NULL, NULL,3, 7),
    (93, NULL,NULL, NULL,3, 7),
    (94, NULL,NULL, NULL,3, 7),
    (95, NULL,NULL, NULL,3, 7),
    (96, NULL,NULL, NULL,3, 7),
    (97, NULL,NULL, NULL,3, 7),
    (98, NULL,NULL, NULL,3, 7);

INSERT INTO REVIEW (Review_ID, Review_Date, Rating, Feedback)
VALUES
    (1, '2023-12-15', 4, 'Great ride, but the trip was a bit longer than expected.'),
    (2, '2023-12-20', 5, 'Excellent ride, the driver was very polite and professional.'),
    (3, '2024-01-05', 3, 'The ride was fine, but there were delays along the route.'),
    (4, '2024-01-15', 2, 'Uncomfortable ride, the driver was distracted and didn’t follow the best route.'),
    (5, '2024-02-02', 4, 'Comfortable ride, but the music was a bit too loud.'),
    (6, '2024-02-10', 5, 'The best ride I’ve had in a while! Very smooth and the driver was fantastic.'),
    (7, '2024-02-25', 3, 'Decent ride, but I expected it to be faster.'),
    (8, '2024-03-03', 4, 'Good ride, though the fare seemed a bit high for the distance.'),
    (9, '2024-03-15', 1, 'This ride sucked! The guy kept asking me for more money.'),
    (10, '2024-03-25', 3, 'The driver was good, but the route was confusing and longer than I expected.'),
	(11, '2024-04-05', 5, 'The pizza was absolutely delicious, great crust and fresh ingredients!'),
    (12, '2024-04-12', 2, 'The pasta was overcooked, and the sauce was too salty for my taste.'),
    (13, '2024-04-22', 4, 'Loved the sushi! Fresh and tasty, but the rolls were a bit small.'),
    (14, '2024-05-01', 3, 'The burger was decent, but it wasn’t as hot as I expected.'),
    (15, '2024-05-10', 5, 'Amazing dessert! The chocolate lava cake was perfect, warm and gooey inside.'),
    (16, '2024-06-01', 4, 'The steak was cooked just right, though it could use a bit more seasoning.'),
    (17, '2024-06-10', 3, 'The salad was fresh, but the dressing was too bland.'),
    (18, '2024-07-01', 2, 'The sandwich was soggy and lacked flavor.'),
    (19, '2024-07-15', 4, 'The pasta was great, but I would have liked more sauce with it.'),
    (20, '2024-08-01', 5, 'Best seafood I’ve had in a long time! The shrimp was cooked perfectly.'),
    (21, '2024-08-20', 5, 'The restaurant ambiance was amazing, and the staff was friendly and attentive.'),
    (22, '2024-09-05', 4, 'Great service and food, but the restaurant was a bit noisy.'),
    (23, '2024-09-20', 3, 'The food was good, but the service was slow and unorganized.'),
    (24, '2024-10-01', 5, 'Loved the atmosphere, and the food came out quickly and tasted amazing!'),
    (25, '2024-10-15', 2, 'Not a great experience. The food wasn’t fresh, and the service was poor.'),
    (26, '2024-11-05', 4, 'Nice restaurant with a cozy vibe, but the portions were a little smaller than expected.'),
    (27, '2024-11-18', 5, 'Absolutely loved it! The food was top-notch, and the staff was very welcoming.'),
    (28, '2024-12-01', 3, 'The food was okay, but the wait time was excessive and the restaurant was overcrowded.'),
    (29, '2025-01-10', 4, 'Really nice place to dine, but it was a bit too cold inside for my liking.'),
    (30, '2025-04-25', 5, 'Perfect restaurant experience! Amazing food and impeccable service.'),
    (31, '2023-01-15', 5, 'Perfect restaurant experience! Amazing food and impeccable service.'),
    (32, '2023-02-10', 4, 'Great restaurant experience! Amazing food and impeccable service.'),
    (33, '2023-03-04', 5, 'Perfect restaurant experience! Amazing food and impeccable service.'),
    (34, '2023-04-15', 2, 'Today they had bad food.'),
    (35, '2023-05-21', 4, 'Great restaurant experience! Amazing food and impeccable service.'),
    (36, '2023-06-29', 5, 'Perfect restaurant experience! Amazing food and impeccable service.'),
    (37, '2023-11-29', 5, 'Perfect restaurant experience! Amazing food and impeccable service.'),
    (38, '2023-07-29', 5, 'Perfect restaurant experience! Amazing food and impeccable service.'),
    (39, '2023-08-29', 4, 'Great restaurant experience! Amazing food and impeccable service.'),
    (40, '2024-09-29', 5, 'Perfect restaurant experience! Amazing food and impeccable service.');

INSERT INTO RIDE_REVIEW (Review_ID, Ride_ID, Rider_ID)
VALUES
	(1, 1, 1),
	(2, 2, 2),
	(3, 3, 3),
	(4, 4, 4),
	(5, 5, 5),
	(6, 6, 6),
	(7, 7, 7),
	(8, 8, 8),
	(9, 9, 9),
	(10, 10, 10);

INSERT INTO RESTAURANT_REVIEW (Review_ID, Order_ID, Restaurant_ID, Customer_ID) 
VALUES
    (21, 19, 5, 24),
    (22, 20, 1, 25),
    (23, 21, 2, 1),
    (24, 22, 3, 2),
    (25, 23, 1, 3),
    (26, 24, 4, 4),
    (27, 25, 5, 5),
    (28, 26, 2, 6),
    (29, 27, 1, 7),
    (30, 28, 3, 8),
    (31, 31, 8, 2),
    (32, 32, 8, 2),
    (33, 33, 8, 2),
    (34, 34, 6, 2),
    (35, 35, 6, 2),
    (36, 36, 8, 2),
    (37, 37, 1, 2),
    (38, 38, 1, 2),
    (39, 39, 1, 2),
    (40, 40, 8, 2);

INSERT INTO ITEM_REVIEW (Review_ID, Order_ID, Customer_ID, Item_ID, Restaurant_ID) 
VALUES
    (11, 1, 1, 1, 1),
    (12, 2, 2, 3, 2),
    (13, 3, 3, 5, 3),
    (14, 4, 4, 3, 2),
    (15, 5, 5, 6, 5),
    (16, 6, 6, 1, 1),
    (17, 7, 7, 5, 2),
    (18, 8, 8, 1, 2),
    (19, 9, 9, 2, 3),
    (20, 10, 10, 5, 5);

INSERT INTO EMPLOYEE (Employee_ID, Start_Date, Department, Age) 
VALUES
    ('E001', '2025-01-01', 'Operations', 28),
    ('E002', '2024-06-15', 'Support', 35),
    ('E003', '2023-03-10', 'Delivery', 40),
    ('E004', '2025-02-20', 'Management', 30),
    ('E005', '2022-09-05', 'Delivery', 45),
    ('E006', '2023-11-30', 'Operations', 33),
    ('E007', '2024-05-25', 'Support', 29),
    ('E008', '2025-04-15', 'Management', 38),
    ('E009', '2022-12-01', 'Delivery', 41),
    ('E010', '2023-07-10', 'Operations', 27);
    
INSERT INTO PLATFORM_MANAGER (Manager_ID) 
VALUES
    ('E001'),
    ('E004');

INSERT INTO SUPPORT_AGENT (Agent_ID) 
VALUES
    ('E002'),
    ('E007');

INSERT INTO DELIVERY_COORDINATOR (Coordinator_ID) 
VALUES
    ('E003'),
    ('E005'),
    ('E009');

INSERT INTO DELIVERY_ASSIGNMENT (Assignment_ID, Driver_ID, Food_Order_ID, Coordinator_ID) 
VALUES
    (1, 10, 1, 'E009'),
    (2, 6, 2, 'E009'),
    (3, 10, 3, 'E003'),
    (4, 10, 4, 'E005'),
    (5, 9, 5, 'E003'),
    (6, 26, 6, 'E009'),
    (7, 10, 7, 'E003'),
    (8, 28, 8, 'E005'),
    (9, 29, 9, 'E003'),
    (10, 10, 10, 'E009'),
    (11, 10, 11, 'E003'),
    (12, 6, 12, 'E009'),
    (13, 7, 13, 'E003'),
    (14, 8, 14, 'E005'),
    (15, 9, 15, 'E003'),
    (16, 26, 16, 'E009'),
    (17, 10, 17, 'E003'),
    (18, 28, 18, 'E005'),
    (19, 10, 19, 'E003'),
    (20, 10, 20, 'E009'),
    (21, 10, 21, 'E003'),
    (22, 10, 22, 'E009'),
    (23, 10, 23, 'E003'),
    (24, 10, 24, 'E005'),
    (25, 10, 25, 'E003'),
    (26, 10, 26, 'E009'),
    (27, 27, 27, 'E003'),
    (28, 10, 28, 'E005'),
    (29, 10, 29, 'E003'),
    (30, 10, 30, 'E009'),
    (31, 5, 31, 'E003'),
    (32, 6, 32, 'E009'),
    (33, 7, 33, 'E003'),
    (34, 8, 34, 'E005'),
    (35, 9, 35, 'E003'),
    (36, 26, 36, 'E009'),
    (37, 27, 37, 'E003'),
    (38, 28, 38, 'E005'),
    (39, 29, 39, 'E003'),
    (40, 10, 40, 'E009'),
    (41, 5, 41, 'E003'),
    (42, 6, 42, 'E009'),
    (43, 7, 43, 'E003'),
    (44, 8, 44, 'E005'),
    (45, 9, 45, 'E003'),
    (46, 26, 46, 'E009'),
    (47, 27, 47, 'E003'),
    (48, 28, 48, 'E005'),
    (49, 29, 49, 'E003'),
    (50, 10, 50, 'E009'),
    (51, 10, 51, 'E009'),
    (52, 10, 52, 'E009'),
    (53, 10, 53, 'E009'),
    (54, 10, 54, 'E005'),
    (55, 10, 55, 'E003'),
    (56, 10, 56, 'E009'),
    (57, 10, 57, 'E003'),
    (58, 10, 58, 'E005'),
    (59, 10, 59, 'E003'),
    (60, 10, 60, 'E009'),
    (61, 10, 61, 'E003'),
    (62, 10, 62, 'E009'),
    (63, 10, 63, 'E003'),
    (64, 10, 64, 'E005'),
    (65, 10, 65, 'E003'),
    (66, 10, 66, 'E009'),
    (67, 10, 67, 'E003'),
    (68, 10, 68, 'E005'),
    (69, 10, 69, 'E003'),
    (70, 10, 70, 'E009'),
    (71, 10, 71, 'E003'),
    (72, 10, 72, 'E009'),
    (73, 10, 73, 'E003'),
    (74, 10, 74, 'E005'),
    (75, 10, 75, 'E003'),
    (76, 10, 76, 'E009'),
    (77, 10, 77, 'E009'),
    (78, 28, 78, 'E009'),
    (79, 28, 79, 'E003'),
    (80, 28, 80, 'E005'),
    (81, 28, 81, 'E003'),
    (82, 28, 82, 'E009'),
    (83, 28, 83, 'E003'),
    (84, 28, 84, 'E009'),
    (85, 28, 85, 'E003'),
    (86, 28, 86, 'E005'),
    (87, 28, 87, 'E003'),
    (88, 28, 88, 'E009'),
    (89, 28, 89, 'E009'),
	(90, 28, 90, 'E009'),
    (91, 28, 91, 'E003'),
    (92, 28, 92, 'E009'),
    (93, 28, 93, 'E003'),
    (94, 28, 94, 'E005'),
    (95, 28, 95, 'E003'),
    (96, 28, 96, 'E009'),
    (97, 28, 97, 'E009'),
    (98, 28, 98, 'E009');

